{"entity.sheep.ambient":{"sounds":[{"name":"mob\/sheep\/say1","volume":0.05},{"name":"mob\/sheep\/say2","volume":0.05},{"name":"mob\/sheep\/say3","volume":0.05}],"replace":true,"subtitle":"subtitles.entity.sheep.ambient"},"entity.sheep.death":{"sounds":["mob\/sheep\/say1","mob\/sheep\/say2","mob\/sheep\/say3"],"subtitle":"subtitles.entity.sheep.death"},"entity.sheep.hurt":{"sounds":[{"name":"mob\/sheep\/say1","volume":0.05},{"name":"mob\/sheep\/say2","volume":0.05},{"name":"mob\/sheep\/say3","volume":0.05}],"replace":true,"subtitle":"subtitles.entity.sheep.hurt"},"entity.sheep.shear":{"sounds":[{"name":"mob\/sheep\/shear","volume":0.05}],"replace":true,"subtitle":"subtitles.item.shears.shear"},"entity.sheep.step":{"sounds":[{"name":"mob\/sheep\/step1","volume":0.05},{"name":"mob\/sheep\/step2","volume":0.05},{"name":"mob\/sheep\/step3","volume":0.05},{"name":"mob\/sheep\/step4","volume":0.05},{"name":"mob\/sheep\/step5","volume":0.05}],"replace":true,"subtitle":"subtitles.block.generic.footsteps"},"entity.chicken.ambient":{"sounds":[{"name":"mob\/chicken\/say1","volume":0.05},{"name":"mob\/chicken\/say2","volume":0.05},{"name":"mob\/chicken\/say3","volume":0.05}],"replace":true,"subtitle":"subtitles.entity.chicken.ambient"},"entity.chicken.death":{"sounds":[{"name":"mob\/chicken\/hurt1","volume":0.05},{"name":"mob\/chicken\/hurt2","volume":0.05}],"replace":true,"subtitle":"subtitles.entity.chicken.death"},"entity.chicken.egg":{"sounds":[{"name":"mob\/chicken\/plop","volume":0.05}],"replace":true,"subtitle":"subtitles.entity.chicken.egg"},"entity.chicken.hurt":{"sounds":[{"name":"mob\/chicken\/hurt1","volume":0.05},{"name":"mob\/chicken\/hurt2","volume":0.05}],"replace":true,"subtitle":"subtitles.entity.chicken.hurt"},"entity.chicken.step":{"sounds":[{"name":"mob\/chicken\/step1","volume":0.05},{"name":"mob\/chicken\/step2","volume":0.05}],"replace":true,"subtitle":"subtitles.block.generic.footsteps"},"entity.cow.ambient":{"sounds":[{"name":"mob\/cow\/say1","volume":0.05},{"name":"mob\/cow\/say2","volume":0.05},{"name":"mob\/cow\/say3","volume":0.05},{"name":"mob\/cow\/say4","volume":0.05}],"replace":true,"subtitle":"subtitles.entity.cow.ambient"},"entity.cow.death":{"sounds":[{"name":"mob\/cow\/hurt1","volume":0.05},{"name":"mob\/cow\/hurt2","volume":0.05},{"name":"mob\/cow\/hurt3","volume":0.05}],"replace":true,"subtitle":"subtitles.entity.cow.death"},"entity.cow.hurt":{"sounds":[{"name":"mob\/cow\/hurt1","volume":0.05},{"name":"mob\/cow\/hurt2","volume":0.05},{"name":"mob\/cow\/hurt3","volume":0.05}],"replace":true,"subtitle":"subtitles.entity.cow.hurt"},"entity.cow.milk":{"sounds":[{"name":"mob\/cow\/milk1","volume":0.05},{"name":"mob\/cow\/milk2","volume":0.05},{"name":"mob\/cow\/milk3","volume":0.05}],"replace":true,"subtitle":"subtitles.entity.cow.milk"},"entity.cow.step":{"sounds":[{"name":"mob\/cow\/step1","volume":0.05},{"name":"mob\/cow\/step2","volume":0.05},{"name":"mob\/cow\/step3","volume":0.05},{"name":"mob\/cow\/step4","volume":0.05}],"replace":true,"subtitle":"subtitles.block.generic.footsteps"},"item.flintandsteel.use":{"sounds":[{"name":"fire\/ignite","volume":0.05}],"replace":true,"subtitle":"subtitles.item.flintandsteel.use"},"entity.generic.extinguish_fire":{"sounds":[{"name":"random\/fizz","volume":0.05}],"replace":true,"subtitle":"subtitles.entity.generic.extinguish_fire"},"block.fire.extinguish":{"sounds":[{"name":"random\/fizz","volume":0.05}],"replace":true,"subtitle":"subtitles.block.fire.extinguish"},"entity.player.hurt_on_fire":{"sounds":[{"name":"entity\/player\/hurt\/fire_hurt1","volume":0.05},{"name":"entity\/player\/hurt\/fire_hurt2","volume":0.05},{"name":"entity\/player\/hurt\/fire_hurt3","volume":0.05}],"replace":true,"subtitle":"subtitles.entity.player.hurt_on_fire"},"block.fire.ambient":{"sounds":[{"name":"fire\/fire","volume":0.05}],"replace":true,"subtitle":"subtitles.block.fire.ambient"},"weather.rain":{"sounds":[{"name":"ambient\/weather\/rain1","volume":0.05},{"name":"ambient\/weather\/rain2","volume":0.05},{"name":"ambient\/weather\/rain3","volume":0.05},{"name":"ambient\/weather\/rain4","volume":0.05},{"name":"ambient\/weather\/rain5","volume":0.05},{"name":"ambient\/weather\/rain6","volume":0.05},{"name":"ambient\/weather\/rain7","volume":0.05},{"name":"ambient\/weather\/rain8","volume":0.05}],"replace":true,"subtitle":"subtitles.weather.rain"},"weather.rain.above":{"sounds":[{"name":"ambient\/weather\/rain1","volume":0.05},{"name":"ambient\/weather\/rain2","volume":0.05},{"name":"ambient\/weather\/rain3","volume":0.05},{"name":"ambient\/weather\/rain4","volume":0.05}],"replace":true,"subtitle":"subtitles.weather.rain"},"ambient.underwater.enter":{"sounds":[{"name":"ambient\/underwater\/enter1","volume":0.025},{"name":"ambient\/underwater\/enter2","volume":0.025},{"name":"ambient\/underwater\/enter3","volume":0.025}],"replace":true},"ambient.underwater.exit":{"sounds":[{"name":"ambient\/underwater\/exit1","volume":0.015},{"name":"ambient\/underwater\/exit2","volume":0.015},{"name":"ambient\/underwater\/exit3","volume":0.015}],"replace":true},"ambient.underwater.loop":{"sounds":[{"name":"ambient\/underwater\/underwater_ambience","stream":true,"volume":0.0325}],"replace":true},"ambient.underwater.loop.additions":{"sounds":[{"name":"ambient\/underwater\/additions\/bubbles1","volume":0.05},{"name":"ambient\/underwater\/additions\/bubbles2","volume":0.05},{"name":"ambient\/underwater\/additions\/bubbles3","volume":0.05},{"name":"ambient\/underwater\/additions\/bubbles4","volume":0.05},{"name":"ambient\/underwater\/additions\/bubbles5","volume":0.05},{"name":"ambient\/underwater\/additions\/bubbles6","volume":0.05},{"name":"ambient\/underwater\/additions\/water1","volume":0.05},{"name":"ambient\/underwater\/additions\/water2","volume":0.05}],"replace":true},"ambient.underwater.loop.additions.rare":{"sounds":[{"name":"ambient\/underwater\/additions\/animal1","volume":0.0225},{"name":"ambient\/underwater\/additions\/bass_whale1","volume":0.0225},{"name":"ambient\/underwater\/additions\/bass_whale2","volume":0.025},{"name":"ambient\/underwater\/additions\/crackles1","volume":0.035},{"name":"ambient\/underwater\/additions\/crackles2","volume":0.05},{"name":"ambient\/underwater\/additions\/driplets1","volume":0.025},{"name":"ambient\/underwater\/additions\/driplets2","volume":0.025},{"name":"ambient\/underwater\/additions\/earth_crack","volume":0.05}],"replace":true},"ambient.underwater.loop.additions.ultra_rare":{"sounds":[{"name":"ambient\/underwater\/additions\/animal2","volume":0.05},{"name":"ambient\/underwater\/additions\/dark1","volume":0.05},{"name":"ambient\/underwater\/additions\/dark2","volume":0.035},{"name":"ambient\/underwater\/additions\/dark3","volume":0.05},{"name":"ambient\/underwater\/additions\/dark4","volume":0.05}],"replace":true},"block.pointed_dripstone.drip_water":{"sounds":[{"name":"block\/pointed_dripstone\/drip_water1","volume":0.05},{"name":"block\/pointed_dripstone\/drip_water2","volume":0.05},{"name":"block\/pointed_dripstone\/drip_water3","volume":0.05},{"name":"block\/pointed_dripstone\/drip_water4","volume":0.05},{"name":"block\/pointed_dripstone\/drip_water5","volume":0.05},{"name":"block\/pointed_dripstone\/drip_water6","volume":0.05},{"name":"block\/pointed_dripstone\/drip_water7","volume":0.05},{"name":"block\/pointed_dripstone\/drip_water8","volume":0.05},{"name":"block\/pointed_dripstone\/drip_water9","volume":0.05},{"name":"block\/pointed_dripstone\/drip_water10","volume":0.05},{"name":"block\/pointed_dripstone\/drip_water11","volume":0.05},{"name":"block\/pointed_dripstone\/drip_water12","volume":0.05},{"name":"block\/pointed_dripstone\/drip_water13","volume":0.05},{"name":"block\/pointed_dripstone\/drip_water14","volume":0.05},{"name":"block\/pointed_dripstone\/drip_water15","volume":0.05}],"replace":true,"subtitle":"subtitles.block.pointed_dripstone.drip_water"},"block.pointed_dripstone.drip_water_into_cauldron":{"sounds":[{"name":"block\/pointed_dripstone\/drip_water_cauldron1","volume":0.05},{"name":"block\/pointed_dripstone\/drip_water_cauldron2","volume":0.05},{"name":"block\/pointed_dripstone\/drip_water_cauldron3","volume":0.05},{"name":"block\/pointed_dripstone\/drip_water_cauldron4","volume":0.05},{"name":"block\/pointed_dripstone\/drip_water_cauldron5","volume":0.05},{"name":"block\/pointed_dripstone\/drip_water_cauldron6","volume":0.05},{"name":"block\/pointed_dripstone\/drip_water_cauldron7","volume":0.05},{"name":"block\/pointed_dripstone\/drip_water_cauldron8","volume":0.05}],"replace":true,"subtitle":"subtitles.block.pointed_dripstone.drip_water_into_cauldron"},"block.water.ambient":{"sounds":[{"name":"liquid\/water","volume":0.05}],"replace":true,"subtitle":"subtitles.block.water.ambient"},"entity.player.swim":{"sounds":[{"name":"liquid\/swim5","volume":0.05},{"name":"liquid\/swim6","volume":0.05},{"name":"liquid\/swim7","volume":0.05},{"name":"liquid\/swim8","volume":0.05},{"name":"liquid\/swim9","volume":0.05},{"name":"liquid\/swim10","volume":0.05},{"name":"liquid\/swim11","volume":0.05},{"name":"liquid\/swim12","volume":0.05},{"name":"liquid\/swim13","volume":0.05},{"name":"liquid\/swim14","volume":0.05},{"name":"liquid\/swim15","volume":0.05},{"name":"liquid\/swim16","volume":0.05},{"name":"liquid\/swim17","volume":0.05},{"name":"liquid\/swim18","volume":0.05}],"replace":true,"subtitle":"subtitles.entity.generic.swim"},"block.portal.ambient":{"sounds":[{"attenuation_distance":10,"name":"portal\/portal","volume":0.05}],"replace":true,"subtitle":"subtitles.block.portal.ambient"},"block.portal.travel":{"sounds":[{"name":"portal\/travel","volume":0.05}],"replace":true},"block.portal.trigger":{"sounds":[{"name":"portal\/trigger","volume":0.05}],"replace":true,"subtitle":"subtitles.block.portal.trigger"},"block.piston.contract":{"sounds":[{"name":"tile\/piston\/in","volume":0.05}],"replace":true,"subtitle":"subtitles.block.piston.move"},"block.piston.extend":{"sounds":[{"name":"tile\/piston\/out","volume":0.05}],"replace":true,"subtitle":"subtitles.block.piston.move"}}